CREATE DATABASE  IF NOT EXISTS `tester_ms` /*!40100 DEFAULT CHARACTER SET utf8 */;
USE `tester_ms`;
-- MySQL dump 10.13  Distrib 5.6.24, for Win64 (x86_64)
--
-- Host: 127.0.0.1    Database: tester_ms
-- ------------------------------------------------------
-- Server version	5.6.26-log

/*!40101 SET @OLD_CHARACTER_SET_CLIENT=@@CHARACTER_SET_CLIENT */;
/*!40101 SET @OLD_CHARACTER_SET_RESULTS=@@CHARACTER_SET_RESULTS */;
/*!40101 SET @OLD_COLLATION_CONNECTION=@@COLLATION_CONNECTION */;
/*!40101 SET NAMES utf8 */;
/*!40103 SET @OLD_TIME_ZONE=@@TIME_ZONE */;
/*!40103 SET TIME_ZONE='+00:00' */;
/*!40014 SET @OLD_UNIQUE_CHECKS=@@UNIQUE_CHECKS, UNIQUE_CHECKS=0 */;
/*!40014 SET @OLD_FOREIGN_KEY_CHECKS=@@FOREIGN_KEY_CHECKS, FOREIGN_KEY_CHECKS=0 */;
/*!40101 SET @OLD_SQL_MODE=@@SQL_MODE, SQL_MODE='NO_AUTO_VALUE_ON_ZERO' */;
/*!40111 SET @OLD_SQL_NOTES=@@SQL_NOTES, SQL_NOTES=0 */;

--
-- Table structure for table `bug`
--

DROP TABLE IF EXISTS `bug`;
/*!40101 SET @saved_cs_client     = @@character_set_client */;
/*!40101 SET character_set_client = utf8 */;
CREATE TABLE `bug` (
  `id` int(11) NOT NULL,
  `name` varchar(255) DEFAULT NULL,
  `device_id` int(11) DEFAULT NULL,
  `tester_id` int(11) DEFAULT NULL,
  PRIMARY KEY (`id`),
  KEY `FK_i16wnv5ekf69vli8k6xoqppu7` (`device_id`),
  KEY `FK_4rp4g6q6tgljfa60173n3152n` (`tester_id`),
  CONSTRAINT `FK_4rp4g6q6tgljfa60173n3152n` FOREIGN KEY (`tester_id`) REFERENCES `tester` (`id`),
  CONSTRAINT `FK_i16wnv5ekf69vli8k6xoqppu7` FOREIGN KEY (`device_id`) REFERENCES `device` (`id`)
) ENGINE=InnoDB DEFAULT CHARSET=utf8;
/*!40101 SET character_set_client = @saved_cs_client */;

--
-- Dumping data for table `bug`
--

LOCK TABLES `bug` WRITE;
/*!40000 ALTER TABLE `bug` DISABLE KEYS */;
INSERT INTO `bug` VALUES (1,'1',1,4),(2,'2',8,9),(3,'3',4,7),(4,'4',2,4),(5,'5',6,3),(6,'6',8,7),(7,'7',9,9),(8,'8',7,5),(9,'9',5,9),(10,'10',1,4),(11,'11',2,4),(12,'12',9,9),(13,'13',8,9),(14,'14',3,3),(15,'15',5,9),(16,'16',1,1),(17,'17',1,4),(18,'18',3,6),(19,'19',6,9),(20,'20',4,3),(21,'21',3,1),(22,'22',10,1),(23,'23',3,1),(24,'24',3,6),(25,'25',5,5),(26,'26',5,3),(27,'27',3,6),(28,'28',6,9),(29,'29',6,8),(30,'30',4,3),(31,'31',1,5),(32,'32',6,9),(33,'33',1,4),(34,'34',5,3),(35,'35',3,6),(36,'36',3,6),(37,'37',7,5),(38,'38',10,1),(39,'39',2,4),(40,'40',3,6),(41,'41',9,8),(42,'42',9,9),(43,'43',10,8),(44,'44',1,1),(45,'45',8,9),(46,'46',4,3),(47,'47',3,1),(48,'48',2,1),(49,'49',8,9),(50,'50',3,6),(51,'51',7,7),(52,'52',2,4),(53,'53',8,7),(54,'54',4,7),(55,'55',10,8),(56,'56',2,4),(57,'57',3,1),(58,'58',1,4),(59,'59',2,4),(60,'60',8,9),(61,'61',5,5),(62,'62',10,8),(63,'63',2,4),(64,'64',7,5),(65,'65',2,4),(66,'66',9,2),(67,'67',4,7),(68,'68',3,3),(69,'69',6,2),(70,'70',9,2),(71,'71',3,6),(72,'72',4,2),(73,'73',2,1),(74,'74',4,7),(75,'75',5,7),(76,'76',6,5),(77,'77',7,5),(78,'78',5,7),(79,'79',8,7),(80,'80',5,2),(81,'81',4,7),(82,'82',2,4),(83,'83',2,4),(84,'84',5,9),(85,'85',1,4),(86,'86',3,3),(87,'87',5,2),(88,'88',7,5),(89,'89',6,3),(90,'90',6,2),(91,'91',3,6),(92,'92',2,1),(93,'93',1,4),(94,'94',5,5),(95,'95',7,5),(96,'96',8,7),(97,'97',10,5),(98,'98',5,3),(99,'99',4,3),(100,'100',3,6),(101,'101',5,9),(102,'102',2,4),(103,'103',3,6),(104,'104',1,8),(105,'105',9,8),(106,'106',9,8),(107,'107',6,3),(108,'108',9,9),(109,'109',6,8),(110,'110',4,7),(111,'111',1,4),(112,'112',6,5),(113,'113',4,7),(114,'114',3,6),(115,'115',5,2),(116,'116',4,7),(117,'117',8,7),(118,'118',6,9),(119,'119',5,3),(120,'120',10,8),(121,'121',4,3),(122,'122',7,5),(123,'123',6,2),(124,'124',6,9),(125,'125',4,3),(126,'126',9,9),(127,'127',3,6),(128,'128',1,4),(129,'129',5,7),(130,'130',1,4),(131,'131',6,5),(132,'132',3,3),(133,'133',3,6),(134,'134',6,5),(135,'135',3,3),(136,'136',7,5),(137,'137',7,5),(138,'138',3,1),(139,'139',3,6),(140,'140',7,5),(141,'141',10,1),(142,'142',5,3),(143,'143',6,9),(144,'144',1,1),(145,'145',3,6),(146,'146',2,4),(147,'147',3,6),(148,'148',5,5),(149,'149',2,4),(150,'150',3,6),(151,'151',10,1),(152,'152',3,3),(153,'153',6,8),(154,'154',1,4),(155,'155',3,6),(156,'156',3,6),(157,'157',9,9),(158,'158',3,6),(159,'159',10,5),(160,'160',5,7),(161,'161',5,7),(162,'162',2,4),(163,'163',9,9),(164,'164',1,1),(165,'165',9,9),(166,'166',3,6),(167,'167',9,9),(168,'168',3,8),(169,'169',2,4),(170,'170',10,1),(171,'171',1,4),(172,'172',5,3),(173,'173',8,2),(174,'174',8,9),(175,'175',10,1),(176,'176',9,2),(177,'177',1,5),(178,'178',3,3),(179,'179',7,5),(180,'180',7,2),(181,'181',6,7),(182,'182',2,4),(183,'183',1,4),(184,'184',1,4),(185,'185',1,1),(186,'186',2,1),(187,'187',7,2),(188,'188',8,2),(189,'189',4,2),(190,'190',2,1),(191,'191',3,6),(192,'192',6,7),(193,'193',8,2),(194,'194',1,5),(195,'195',9,9),(196,'196',8,2),(197,'197',4,3),(198,'198',7,5),(199,'199',3,1),(200,'200',4,7),(201,'201',2,4),(202,'202',9,9),(203,'203',3,1),(204,'204',8,7),(205,'205',1,4),(206,'206',7,7),(207,'207',3,3),(208,'208',1,5),(209,'209',7,2),(210,'210',1,8),(211,'211',10,5),(212,'212',7,2),(213,'213',7,5),(214,'214',5,5),(215,'215',9,9),(216,'216',3,6),(217,'217',1,4),(218,'218',5,9),(219,'219',2,4),(220,'220',2,4),(221,'221',5,5),(222,'222',1,5),(223,'223',3,6),(224,'224',10,5),(225,'225',6,3),(226,'226',3,6),(227,'227',8,2),(228,'228',3,3),(229,'229',8,9),(230,'230',3,6),(231,'231',1,4),(232,'232',9,8),(233,'233',2,1),(234,'234',3,6),(235,'235',10,1),(236,'236',3,8),(237,'237',5,2),(238,'238',10,8),(239,'239',10,1),(240,'240',8,9),(241,'241',1,4),(242,'242',6,9),(243,'243',3,6),(244,'244',5,5),(245,'245',2,4),(246,'246',1,8),(247,'247',6,5),(248,'248',1,1),(249,'249',5,5),(250,'250',3,6),(251,'251',1,4),(252,'252',10,5),(253,'253',1,4),(254,'254',7,7),(255,'255',6,3),(256,'256',7,7),(257,'257',6,7),(258,'258',7,7),(259,'259',6,3),(260,'260',6,7),(261,'261',10,1),(262,'262',5,3),(263,'263',6,7),(264,'264',2,4),(265,'265',5,5),(266,'266',9,9),(267,'267',1,1),(268,'268',5,7),(269,'269',5,9),(270,'270',8,7),(271,'271',1,4),(272,'272',8,2),(273,'273',3,1),(274,'274',2,4),(275,'275',3,6),(276,'276',6,9),(277,'277',8,2),(278,'278',7,5),(279,'279',10,1),(280,'280',6,9),(281,'281',3,6),(282,'282',1,4),(283,'283',9,9),(284,'284',10,5),(285,'285',4,3),(286,'286',3,6),(287,'287',3,3),(288,'288',1,4),(289,'289',6,3),(290,'290',8,7),(291,'291',9,2),(292,'292',3,8),(293,'293',8,9),(294,'294',7,2),(295,'295',6,8),(296,'296',3,8),(297,'297',5,7),(298,'298',1,8),(299,'299',10,8),(300,'300',9,2),(301,'301',9,2),(302,'302',3,8),(303,'303',3,6),(304,'304',3,6),(305,'305',4,2),(306,'306',3,8),(307,'307',1,5),(308,'308',4,3),(309,'309',6,7),(310,'310',6,7),(311,'311',9,2),(312,'312',3,8),(313,'313',3,6),(314,'314',4,2),(315,'315',10,1),(316,'316',8,7),(317,'317',7,2),(318,'318',5,3),(319,'319',1,4),(320,'320',3,6),(321,'321',7,7),(322,'322',10,1),(323,'323',1,4),(324,'324',5,9),(325,'325',6,3),(326,'326',9,8),(327,'327',5,3),(328,'328',9,9),(329,'329',10,8),(330,'330',10,1),(331,'331',10,8),(332,'332',3,1),(333,'333',8,7),(334,'334',4,3),(335,'335',1,4),(336,'336',1,4),(337,'337',4,3),(338,'338',6,5),(339,'339',8,2),(340,'340',8,9),(341,'341',9,9),(342,'342',3,6),(343,'343',7,5),(344,'344',6,3),(345,'345',3,3),(346,'346',4,7),(347,'347',4,3),(348,'348',1,8),(349,'349',2,4),(350,'350',8,7),(351,'351',4,2),(352,'352',10,5),(353,'353',3,8),(354,'354',1,8),(355,'355',7,2),(356,'356',7,7),(357,'357',9,9),(358,'358',7,5),(359,'359',2,4),(360,'360',6,9),(361,'361',5,2),(362,'362',7,7),(363,'363',6,2),(364,'364',6,3),(365,'365',3,6),(366,'366',5,3),(367,'367',10,1),(368,'368',3,1),(369,'369',4,2),(370,'370',6,5),(371,'371',6,5),(372,'372',6,9),(373,'373',1,5),(374,'374',1,4),(375,'375',2,1),(376,'376',3,6),(377,'377',4,2),(378,'378',7,5),(379,'379',5,3),(380,'380',2,1),(381,'381',5,9),(382,'382',8,9),(383,'383',6,7),(384,'384',6,8),(385,'385',3,6),(386,'386',5,9),(387,'387',1,4),(388,'388',1,5),(389,'389',2,4),(390,'390',3,1),(391,'391',7,7),(392,'392',4,2),(393,'393',3,6),(394,'394',4,7),(395,'395',3,6),(396,'396',3,6),(397,'397',1,8),(398,'398',3,8),(399,'399',2,4),(400,'400',3,8),(401,'401',5,9),(402,'402',7,5),(403,'403',6,3),(404,'404',4,2),(405,'405',1,4),(406,'406',2,4),(407,'407',2,4),(408,'408',5,9),(409,'409',5,2),(410,'410',3,6),(411,'411',3,1),(412,'412',6,8),(413,'413',3,6),(414,'414',1,1),(415,'415',7,2),(416,'416',9,8),(417,'417',3,1),(418,'418',1,5),(419,'419',1,4),(420,'420',9,9),(421,'421',6,9),(422,'422',5,7),(423,'423',4,2),(424,'424',8,9),(425,'425',2,1),(426,'426',4,7),(427,'427',2,4),(428,'428',2,1),(429,'429',5,5),(430,'430',6,5),(431,'431',1,4),(432,'432',6,7),(433,'433',6,9),(434,'434',1,4),(435,'435',9,9),(436,'436',7,7),(437,'437',2,1),(438,'438',10,8),(439,'439',1,1),(440,'440',2,4),(441,'441',5,9),(442,'442',2,1),(443,'443',3,6),(444,'444',5,9),(445,'445',3,1),(446,'446',6,3),(447,'447',6,7),(448,'448',2,4),(449,'449',1,4),(450,'450',3,6),(451,'451',1,1),(452,'452',4,3),(453,'453',5,5),(454,'454',1,4),(455,'455',4,3),(456,'456',2,4),(457,'457',3,6),(458,'458',1,4),(459,'459',3,8),(460,'460',3,6),(461,'461',7,2),(462,'462',9,9),(463,'463',3,6),(464,'464',8,2),(465,'465',2,4),(466,'466',2,1),(467,'467',2,1),(468,'468',6,9),(469,'469',5,9),(470,'470',10,5),(471,'471',9,8),(472,'472',1,4),(473,'473',6,9),(474,'474',6,5),(475,'475',6,3),(476,'476',7,2),(477,'477',3,6),(478,'478',4,7),(479,'479',5,7),(480,'480',3,6),(481,'481',3,6),(482,'482',5,7),(483,'483',5,3),(484,'484',3,8),(485,'485',6,3),(486,'486',3,1),(487,'487',6,8),(488,'488',7,7),(489,'489',3,6),(490,'490',3,6),(491,'491',3,6),(492,'492',1,4),(493,'493',10,8),(494,'494',6,3),(495,'495',6,8),(496,'496',5,3),(497,'497',3,6),(498,'498',10,1),(499,'499',5,7),(500,'500',3,6),(501,'501',10,8),(502,'502',6,8),(503,'503',3,6),(504,'504',3,6),(505,'505',2,4),(506,'506',3,8),(507,'507',3,3),(508,'508',6,8),(509,'509',3,8),(510,'510',3,3),(511,'511',6,8),(512,'512',5,5),(513,'513',7,5),(514,'514',5,7),(515,'515',2,4),(516,'516',5,2),(517,'517',3,3),(518,'518',6,3),(519,'519',3,6),(520,'520',1,5),(521,'521',10,5),(522,'522',4,3),(523,'523',9,8),(524,'524',10,1),(525,'525',9,2),(526,'526',3,3),(527,'527',8,7),(528,'528',4,2),(529,'529',3,6),(530,'530',10,8),(531,'531',3,6),(532,'532',3,3),(533,'533',4,3),(534,'534',2,1),(535,'535',9,8),(536,'536',5,7),(537,'537',8,9),(538,'538',3,6),(539,'539',5,2),(540,'540',1,4),(541,'541',4,2),(542,'542',5,3),(543,'543',10,1),(544,'544',10,1),(545,'545',5,3),(546,'546',5,3),(547,'547',1,8),(548,'548',1,4),(549,'549',1,4),(550,'550',8,9),(551,'551',1,4),(552,'552',3,1),(553,'553',3,1),(554,'554',3,1),(555,'555',9,9),(556,'556',3,6),(557,'557',1,8),(558,'558',6,7),(559,'559',2,1),(560,'560',3,6),(561,'561',6,5),(562,'562',4,2),(563,'563',10,8),(564,'564',8,9),(565,'565',5,2),(566,'566',3,1),(567,'567',6,7),(568,'568',3,3),(569,'569',2,4),(570,'570',10,5),(571,'571',6,2),(572,'572',4,2),(573,'573',9,8),(574,'574',7,7),(575,'575',3,6),(576,'576',4,3),(577,'577',7,7),(578,'578',7,5),(579,'579',9,9),(580,'580',6,9),(581,'581',4,2),(582,'582',9,9),(583,'583',2,4),(584,'584',5,7),(585,'585',1,4),(586,'586',1,8),(587,'587',8,7),(588,'588',1,4),(589,'589',8,9),(590,'590',6,8),(591,'591',10,1),(592,'592',2,4),(593,'593',3,8),(594,'594',4,3),(595,'595',5,7),(596,'596',4,7),(597,'597',3,3),(598,'598',8,9),(599,'599',7,5),(600,'600',2,1),(601,'601',1,4),(602,'602',9,9),(603,'603',3,1),(604,'604',1,5),(605,'605',10,5),(606,'606',8,9),(607,'607',1,8),(608,'608',1,4),(609,'609',3,1),(610,'610',2,1),(611,'611',4,3),(612,'612',4,7),(613,'613',6,3),(614,'614',3,1),(615,'615',6,5),(616,'616',4,7),(617,'617',3,8),(618,'618',8,2),(619,'619',9,2),(620,'620',8,7),(621,'621',3,1),(622,'622',1,4),(623,'623',1,1),(624,'624',10,8),(625,'625',9,8),(626,'626',8,7),(627,'627',3,6),(628,'628',5,5),(629,'629',6,9),(630,'630',6,3),(631,'631',2,4),(632,'632',10,1),(633,'633',3,6),(634,'634',2,4),(635,'635',7,5),(636,'636',3,6),(637,'637',9,8),(638,'638',4,7),(639,'639',6,2),(640,'640',5,3),(641,'641',6,9),(642,'642',4,2),(643,'643',2,1),(644,'644',3,6),(645,'645',7,7),(646,'646',1,8),(647,'647',9,9),(648,'648',1,5),(649,'649',10,5),(650,'650',3,6),(651,'651',4,2),(652,'652',2,1),(653,'653',3,6),(654,'654',7,5),(655,'655',8,7),(656,'656',7,2),(657,'657',1,8),(658,'658',3,6),(659,'659',3,1),(660,'660',4,7),(661,'661',7,2),(662,'662',6,8),(663,'663',3,3),(664,'664',10,5),(665,'665',6,8),(666,'666',10,1),(667,'667',6,3),(668,'668',2,1),(669,'669',2,4),(670,'670',3,3),(671,'671',3,8),(672,'672',3,8),(673,'673',3,6),(674,'674',3,8),(675,'675',8,2),(676,'676',3,6),(677,'677',1,8),(678,'678',9,8),(679,'679',2,1),(680,'680',3,6),(681,'681',1,8),(682,'682',5,9),(683,'683',6,3),(684,'684',2,4),(685,'685',3,6),(686,'686',7,5),(687,'687',3,8),(688,'688',8,9),(689,'689',6,3),(690,'690',3,6),(691,'691',5,5),(692,'692',2,4),(693,'693',5,2),(694,'694',1,4),(695,'695',6,8),(696,'696',1,8),(697,'697',1,5),(698,'698',1,1),(699,'699',3,6),(700,'700',5,2),(701,'701',6,8),(702,'702',3,8),(703,'703',5,5),(704,'704',3,6),(705,'705',3,6),(706,'706',7,7),(707,'707',4,7),(708,'708',3,6),(709,'709',10,1),(710,'710',4,7),(711,'711',6,2),(712,'712',9,2),(713,'713',1,8),(714,'714',3,6),(715,'715',7,5),(716,'716',10,1),(717,'717',6,3),(718,'718',9,2),(719,'719',1,4),(720,'720',8,7),(721,'721',1,8),(722,'722',3,6),(723,'723',1,8),(724,'724',1,5),(725,'725',1,5),(726,'726',1,1),(727,'727',6,7),(728,'728',4,3),(729,'729',5,2),(730,'730',4,3),(731,'731',4,7),(732,'732',6,9),(733,'733',3,1),(734,'734',3,3),(735,'735',2,1),(736,'736',6,3),(737,'737',10,1),(738,'738',1,1),(739,'739',1,5),(740,'740',1,8),(741,'741',3,6),(742,'742',1,4),(743,'743',9,2),(744,'744',1,1),(745,'745',10,5),(746,'746',5,2),(747,'747',4,2),(748,'748',5,7),(749,'749',6,7),(750,'750',3,6),(751,'751',6,9),(752,'752',4,7),(753,'753',1,4),(754,'754',1,5),(755,'755',8,9),(756,'756',1,4),(757,'757',5,9),(758,'758',9,9),(759,'759',1,8),(760,'760',3,6),(761,'761',9,8),(762,'762',3,8),(763,'763',6,7),(764,'764',3,3),(765,'765',3,3),(766,'766',3,6),(767,'767',5,9),(768,'768',3,3),(769,'769',4,2),(770,'770',3,3),(771,'771',3,8),(772,'772',3,6),(773,'773',3,6),(774,'774',3,3),(775,'775',4,3),(776,'776',2,4),(777,'777',7,5),(778,'778',9,2),(779,'779',3,3),(780,'780',5,7),(781,'781',6,3),(782,'782',1,4),(783,'783',1,4),(784,'784',5,9),(785,'785',3,1),(786,'786',1,8),(787,'787',4,7),(788,'788',7,5),(789,'789',4,7),(790,'790',6,8),(791,'791',3,8),(792,'792',4,7),(793,'793',7,7),(794,'794',3,8),(795,'795',1,1),(796,'796',10,1),(797,'797',6,9),(798,'798',10,5),(799,'799',2,4),(800,'800',5,2),(801,'801',3,6),(802,'802',6,9),(803,'803',1,4),(804,'804',7,5),(805,'805',6,7),(806,'806',7,2),(807,'807',10,1),(808,'808',5,7),(809,'809',1,4),(810,'810',10,1),(811,'811',1,1),(812,'812',2,1),(813,'813',3,6),(814,'814',10,1),(815,'815',5,3),(816,'816',3,6),(817,'817',4,2),(818,'818',1,1),(819,'819',3,3),(820,'820',1,8),(821,'821',9,9),(822,'822',3,6),(823,'823',3,3),(824,'824',10,1),(825,'825',1,5),(826,'826',1,4),(827,'827',3,8),(828,'828',3,6),(829,'829',7,7),(830,'830',9,9),(831,'831',9,9),(832,'832',3,6),(833,'833',5,7),(834,'834',3,3),(835,'835',6,8),(836,'836',5,5),(837,'837',1,1),(838,'838',8,9),(839,'839',6,3),(840,'840',4,3),(841,'841',1,4),(842,'842',5,3),(843,'843',6,7),(844,'844',8,9),(845,'845',4,7),(846,'846',6,2),(847,'847',4,2),(848,'848',7,2),(849,'849',6,3),(850,'850',8,7),(851,'851',5,5),(852,'852',2,4),(853,'853',8,7),(854,'854',7,7),(855,'855',1,8),(856,'856',1,5),(857,'857',1,1),(858,'858',4,3),(859,'859',2,4),(860,'860',3,6),(861,'861',9,2),(862,'862',2,4),(863,'863',7,7),(864,'864',8,9),(865,'865',4,3),(866,'866',6,7),(867,'867',1,4),(868,'868',1,4),(869,'869',10,5),(870,'870',4,7),(871,'871',10,8),(872,'872',6,8),(873,'873',6,2),(874,'874',4,3),(875,'875',1,1),(876,'876',3,8),(877,'877',5,2),(878,'878',3,6),(879,'879',5,7),(880,'880',1,4),(881,'881',7,5),(882,'882',3,6),(883,'883',8,9),(884,'884',7,2),(885,'885',3,6),(886,'886',2,1),(887,'887',6,8),(888,'888',5,7),(889,'889',10,1),(890,'890',1,4),(891,'891',10,8),(892,'892',2,4),(893,'893',3,6),(894,'894',8,7),(895,'895',2,4),(896,'896',6,7),(897,'897',5,5),(898,'898',2,4),(899,'899',9,8),(900,'900',9,9),(901,'901',7,5),(902,'902',4,7),(903,'903',2,4),(904,'904',10,8),(905,'905',5,9),(906,'906',1,8),(907,'907',3,3),(908,'908',3,1),(909,'909',5,2),(910,'910',2,4),(911,'911',6,7),(912,'912',1,4),(913,'913',5,7),(914,'914',3,6),(915,'915',3,1),(916,'916',9,8),(917,'917',3,6),(918,'918',2,4),(919,'919',6,9),(920,'920',1,5),(921,'921',3,6),(922,'922',8,9),(923,'923',1,5),(924,'924',9,2),(925,'925',7,5),(926,'926',3,3),(927,'927',6,5),(928,'928',2,4),(929,'929',1,8),(930,'930',7,5),(931,'931',6,8),(932,'932',7,7),(933,'933',8,2),(934,'934',3,1),(935,'935',1,8),(936,'936',4,3),(937,'937',10,5),(938,'938',1,8),(939,'939',3,6),(940,'940',6,2),(941,'941',10,1),(942,'942',10,1),(943,'943',7,5),(944,'944',4,2),(945,'945',6,9),(946,'946',10,1),(947,'947',4,2),(948,'948',4,2),(949,'949',2,4),(950,'950',6,9),(951,'951',1,4),(952,'952',3,6),(953,'953',1,1),(954,'954',6,7),(955,'955',6,9),(956,'956',6,9),(957,'957',6,7),(958,'958',5,9),(959,'959',10,8),(960,'960',3,8),(961,'961',6,2),(962,'962',1,1),(963,'963',9,2),(964,'964',6,3),(965,'965',8,7),(966,'966',6,8),(967,'967',1,4),(968,'968',6,7),(969,'969',2,4),(970,'970',10,5),(971,'971',5,5),(972,'972',5,2),(973,'973',2,4),(974,'974',7,5),(975,'975',9,2),(976,'976',3,8),(977,'977',6,8),(978,'978',7,5),(979,'979',5,5),(980,'980',10,1),(981,'981',3,6),(982,'982',6,9),(983,'983',10,5),(984,'984',6,7),(985,'985',7,5),(986,'986',5,9),(987,'987',3,6),(988,'988',10,1),(989,'989',3,8),(990,'990',1,4),(991,'991',7,2),(992,'992',3,1),(993,'993',5,2),(994,'994',2,4),(995,'995',7,7),(996,'996',2,1),(997,'997',4,3),(998,'998',5,2),(999,'999',6,7),(1000,'1000',9,8);
/*!40000 ALTER TABLE `bug` ENABLE KEYS */;
UNLOCK TABLES;

--
-- Table structure for table `country`
--

DROP TABLE IF EXISTS `country`;
/*!40101 SET @saved_cs_client     = @@character_set_client */;
/*!40101 SET character_set_client = utf8 */;
CREATE TABLE `country` (
  `id` int(11) NOT NULL,
  `name` varchar(255) DEFAULT NULL,
  PRIMARY KEY (`id`)
) ENGINE=InnoDB DEFAULT CHARSET=utf8;
/*!40101 SET character_set_client = @saved_cs_client */;

--
-- Dumping data for table `country`
--

LOCK TABLES `country` WRITE;
/*!40000 ALTER TABLE `country` DISABLE KEYS */;
INSERT INTO `country` VALUES (1,'US'),(2,'GB'),(3,'JP');
/*!40000 ALTER TABLE `country` ENABLE KEYS */;
UNLOCK TABLES;

--
-- Table structure for table `device`
--

DROP TABLE IF EXISTS `device`;
/*!40101 SET @saved_cs_client     = @@character_set_client */;
/*!40101 SET character_set_client = utf8 */;
CREATE TABLE `device` (
  `id` int(11) NOT NULL,
  `description` varchar(255) DEFAULT NULL,
  PRIMARY KEY (`id`)
) ENGINE=InnoDB DEFAULT CHARSET=utf8;
/*!40101 SET character_set_client = @saved_cs_client */;

--
-- Dumping data for table `device`
--

LOCK TABLES `device` WRITE;
/*!40000 ALTER TABLE `device` DISABLE KEYS */;
INSERT INTO `device` VALUES (1,'iPhone 4'),(2,'iPhone 4S'),(3,'iPhone 5'),(4,'Galaxy S3'),(5,'Galaxy S4'),(6,'Nexus 4'),(7,'Droid Razor'),(8,'Droid DNA'),(9,'HTC One'),(10,'iPhone 3');
/*!40000 ALTER TABLE `device` ENABLE KEYS */;
UNLOCK TABLES;

--
-- Table structure for table `tester`
--

DROP TABLE IF EXISTS `tester`;
/*!40101 SET @saved_cs_client     = @@character_set_client */;
/*!40101 SET character_set_client = utf8 */;
CREATE TABLE `tester` (
  `id` int(11) NOT NULL,
  `first_name` varchar(255) DEFAULT NULL,
  `last_name` varchar(255) DEFAULT NULL,
  `country_id` int(11) DEFAULT NULL,
  PRIMARY KEY (`id`),
  KEY `FK_hwyloikwelmwqevjwrjppib1t` (`country_id`),
  CONSTRAINT `FK_hwyloikwelmwqevjwrjppib1t` FOREIGN KEY (`country_id`) REFERENCES `country` (`id`)
) ENGINE=InnoDB DEFAULT CHARSET=utf8;
/*!40101 SET character_set_client = @saved_cs_client */;

--
-- Dumping data for table `tester`
--

LOCK TABLES `tester` WRITE;
/*!40000 ALTER TABLE `tester` DISABLE KEYS */;
INSERT INTO `tester` VALUES (1,'Miguel','Bautista',1),(2,'Michael','Lubavin',1),(3,'Leonard','Sutton',2),(4,'Taybin','Rutkin',1),(5,'Mingquan','Zheng',3),(6,'Stanley','Chen',2),(7,'Lucas','Lowry',3),(8,'Sean','Wellington',3),(9,'Darshini','Thiagarajan',2);
/*!40000 ALTER TABLE `tester` ENABLE KEYS */;
UNLOCK TABLES;

--
-- Table structure for table `tester_bugs`
--

DROP TABLE IF EXISTS `tester_bugs`;
/*!40101 SET @saved_cs_client     = @@character_set_client */;
/*!40101 SET character_set_client = utf8 */;
CREATE TABLE `tester_bugs` (
  `tester_id` int(11) NOT NULL,
  `bugs_id` int(11) NOT NULL,
  KEY `FK_rryx1low5xt682eqv8i51s3ll` (`tester_id`)
) ENGINE=InnoDB DEFAULT CHARSET=utf8;
/*!40101 SET character_set_client = @saved_cs_client */;

--
-- Dumping data for table `tester_bugs`
--

LOCK TABLES `tester_bugs` WRITE;
/*!40000 ALTER TABLE `tester_bugs` DISABLE KEYS */;
INSERT INTO `tester_bugs` VALUES (4,1),(9,2),(7,3),(4,4),(3,5),(7,6),(9,7),(5,8),(9,9),(4,10),(4,11),(9,12),(9,13),(3,14),(9,15),(1,16),(4,17),(6,18),(9,19),(3,20),(1,21),(1,22),(1,23),(6,24),(5,25),(3,26),(6,27),(9,28),(8,29),(3,30),(5,31),(9,32),(4,33),(3,34),(6,35),(6,36),(5,37),(1,38),(4,39),(6,40),(8,41),(9,42),(8,43),(1,44),(9,45),(3,46),(1,47),(1,48),(9,49),(6,50),(7,51),(4,52),(7,53),(7,54),(8,55),(4,56),(1,57),(4,58),(4,59),(9,60),(5,61),(8,62),(4,63),(5,64),(4,65),(2,66),(7,67),(3,68),(2,69),(2,70),(6,71),(2,72),(1,73),(7,74),(7,75),(5,76),(5,77),(7,78),(7,79),(2,80),(7,81),(4,82),(4,83),(9,84),(4,85),(3,86),(2,87),(5,88),(3,89),(2,90),(6,91),(1,92),(4,93),(5,94),(5,95),(7,96),(5,97),(3,98),(3,99),(6,100),(9,101),(4,102),(6,103),(8,104),(8,105),(8,106),(3,107),(9,108),(8,109),(7,110),(4,111),(5,112),(7,113),(6,114),(2,115),(7,116),(7,117),(9,118),(3,119),(8,120),(3,121),(5,122),(2,123),(9,124),(3,125),(9,126),(6,127),(4,128),(7,129),(4,130),(5,131),(3,132),(6,133),(5,134),(3,135),(5,136),(5,137),(1,138),(6,139),(5,140),(1,141),(3,142),(9,143),(1,144),(6,145),(4,146),(6,147),(5,148),(4,149),(6,150),(1,151),(3,152),(8,153),(4,154),(6,155),(6,156),(9,157),(6,158),(5,159),(7,160),(7,161),(4,162),(9,163),(1,164),(9,165),(6,166),(9,167),(8,168),(4,169),(1,170),(4,171),(3,172),(2,173),(9,174),(1,175),(2,176),(5,177),(3,178),(5,179),(2,180),(7,181),(4,182),(4,183),(4,184),(1,185),(1,186),(2,187),(2,188),(2,189),(1,190),(6,191),(7,192),(2,193),(5,194),(9,195),(2,196),(3,197),(5,198),(1,199),(7,200),(4,201),(9,202),(1,203),(7,204),(4,205),(7,206),(3,207),(5,208),(2,209),(8,210),(5,211),(2,212),(5,213),(5,214),(9,215),(6,216),(4,217),(9,218),(4,219),(4,220),(5,221),(5,222),(6,223),(5,224),(3,225),(6,226),(2,227),(3,228),(9,229),(6,230),(4,231),(8,232),(1,233),(6,234),(1,235),(8,236),(2,237),(8,238),(1,239),(9,240),(4,241),(9,242),(6,243),(5,244),(4,245),(8,246),(5,247),(1,248),(5,249),(6,250),(4,251),(5,252),(4,253),(7,254),(3,255),(7,256),(7,257),(7,258),(3,259),(7,260),(1,261),(3,262),(7,263),(4,264),(5,265),(9,266),(1,267),(7,268),(9,269),(7,270),(4,271),(2,272),(1,273),(4,274),(6,275),(9,276),(2,277),(5,278),(1,279),(9,280),(6,281),(4,282),(9,283),(5,284),(3,285),(6,286),(3,287),(4,288),(3,289),(7,290),(2,291),(8,292),(9,293),(2,294),(8,295),(8,296),(7,297),(8,298),(8,299),(2,300),(2,301),(8,302),(6,303),(6,304),(2,305),(8,306),(5,307),(3,308),(7,309),(7,310),(2,311),(8,312),(6,313),(2,314),(1,315),(7,316),(2,317),(3,318),(4,319),(6,320),(7,321),(1,322),(4,323),(9,324),(3,325),(8,326),(3,327),(9,328),(8,329),(1,330),(8,331),(1,332),(7,333),(3,334),(4,335),(4,336),(3,337),(5,338),(2,339),(9,340),(9,341),(6,342),(5,343),(3,344),(3,345),(7,346),(3,347),(8,348),(4,349),(7,350),(2,351),(5,352),(8,353),(8,354),(2,355),(7,356),(9,357),(5,358),(4,359),(9,360),(2,361),(7,362),(2,363),(3,364),(6,365),(3,366),(1,367),(1,368),(2,369),(5,370),(5,371),(9,372),(5,373),(4,374),(1,375),(6,376),(2,377),(5,378),(3,379),(1,380),(9,381),(9,382),(7,383),(8,384),(6,385),(9,386),(4,387),(5,388),(4,389),(1,390),(7,391),(2,392),(6,393),(7,394),(6,395),(6,396),(8,397),(8,398),(4,399),(8,400),(9,401),(5,402),(3,403),(2,404),(4,405),(4,406),(4,407),(9,408),(2,409),(6,410),(1,411),(8,412),(6,413),(1,414),(2,415),(8,416),(1,417),(5,418),(4,419),(9,420),(9,421),(7,422),(2,423),(9,424),(1,425),(7,426),(4,427),(1,428),(5,429),(5,430),(4,431),(7,432),(9,433),(4,434),(9,435),(7,436),(1,437),(8,438),(1,439),(4,440),(9,441),(1,442),(6,443),(9,444),(1,445),(3,446),(7,447),(4,448),(4,449),(6,450),(1,451),(3,452),(5,453),(4,454),(3,455),(4,456),(6,457),(4,458),(8,459),(6,460),(2,461),(9,462),(6,463),(2,464),(4,465),(1,466),(1,467),(9,468),(9,469),(5,470),(8,471),(4,472),(9,473),(5,474),(3,475),(2,476),(6,477),(7,478),(7,479),(6,480),(6,481),(7,482),(3,483),(8,484),(3,485),(1,486),(8,487),(7,488),(6,489),(6,490),(6,491),(4,492),(8,493),(3,494),(8,495),(3,496),(6,497),(1,498),(7,499),(6,500),(8,501),(8,502),(6,503),(6,504),(4,505),(8,506),(3,507),(8,508),(8,509),(3,510),(8,511),(5,512),(5,513),(7,514),(4,515),(2,516),(3,517),(3,518),(6,519),(5,520),(5,521),(3,522),(8,523),(1,524),(2,525),(3,526),(7,527),(2,528),(6,529),(8,530),(6,531),(3,532),(3,533),(1,534),(8,535),(7,536),(9,537),(6,538),(2,539),(4,540),(2,541),(3,542),(1,543),(1,544),(3,545),(3,546),(8,547),(4,548),(4,549),(9,550),(4,551),(1,552),(1,553),(1,554),(9,555),(6,556),(8,557),(7,558),(1,559),(6,560),(5,561),(2,562),(8,563),(9,564),(2,565),(1,566),(7,567),(3,568),(4,569),(5,570),(2,571),(2,572),(8,573),(7,574),(6,575),(3,576),(7,577),(5,578),(9,579),(9,580),(2,581),(9,582),(4,583),(7,584),(4,585),(8,586),(7,587),(4,588),(9,589),(8,590),(1,591),(4,592),(8,593),(3,594),(7,595),(7,596),(3,597),(9,598),(5,599),(1,600),(4,601),(9,602),(1,603),(5,604),(5,605),(9,606),(8,607),(4,608),(1,609),(1,610),(3,611),(7,612),(3,613),(1,614),(5,615),(7,616),(8,617),(2,618),(2,619),(7,620),(1,621),(4,622),(1,623),(8,624),(8,625),(7,626),(6,627),(5,628),(9,629),(3,630),(4,631),(1,632),(6,633),(4,634),(5,635),(6,636),(8,637),(7,638),(2,639),(3,640),(9,641),(2,642),(1,643),(6,644),(7,645),(8,646),(9,647),(5,648),(5,649),(6,650),(2,651),(1,652),(6,653),(5,654),(7,655),(2,656),(8,657),(6,658),(1,659),(7,660),(2,661),(8,662),(3,663),(5,664),(8,665),(1,666),(3,667),(1,668),(4,669),(3,670),(8,671),(8,672),(6,673),(8,674),(2,675),(6,676),(8,677),(8,678),(1,679),(6,680),(8,681),(9,682),(3,683),(4,684),(6,685),(5,686),(8,687),(9,688),(3,689),(6,690),(5,691),(4,692),(2,693),(4,694),(8,695),(8,696),(5,697),(1,698),(6,699),(2,700),(8,701),(8,702),(5,703),(6,704),(6,705),(7,706),(7,707),(6,708),(1,709),(7,710),(2,711),(2,712),(8,713),(6,714),(5,715),(1,716),(3,717),(2,718),(4,719),(7,720),(8,721),(6,722),(8,723),(5,724),(5,725),(1,726),(7,727),(3,728),(2,729),(3,730),(7,731),(9,732),(1,733),(3,734),(1,735),(3,736),(1,737),(1,738),(5,739),(8,740),(6,741),(4,742),(2,743),(1,744),(5,745),(2,746),(2,747),(7,748),(7,749),(6,750),(9,751),(7,752),(4,753),(5,754),(9,755),(4,756),(9,757),(9,758),(8,759),(6,760),(8,761),(8,762),(7,763),(3,764),(3,765),(6,766),(9,767),(3,768),(2,769),(3,770),(8,771),(6,772),(6,773),(3,774),(3,775),(4,776),(5,777),(2,778),(3,779),(7,780),(3,781),(4,782),(4,783),(9,784),(1,785),(8,786),(7,787),(5,788),(7,789),(8,790),(8,791),(7,792),(7,793),(8,794),(1,795),(1,796),(9,797),(5,798),(4,799),(2,800),(6,801),(9,802),(4,803),(5,804),(7,805),(2,806),(1,807),(7,808),(4,809),(1,810),(1,811),(1,812),(6,813),(1,814),(3,815),(6,816),(2,817),(1,818),(3,819),(8,820),(9,821),(6,822),(3,823),(1,824),(5,825),(4,826),(8,827),(6,828),(7,829),(9,830),(9,831),(6,832),(7,833),(3,834),(8,835),(5,836),(1,837),(9,838),(3,839),(3,840),(4,841),(3,842),(7,843),(9,844),(7,845),(2,846),(2,847),(2,848),(3,849),(7,850),(5,851),(4,852),(7,853),(7,854),(8,855),(5,856),(1,857),(3,858),(4,859),(6,860),(2,861),(4,862),(7,863),(9,864),(3,865),(7,866),(4,867),(4,868),(5,869),(7,870),(8,871),(8,872),(2,873),(3,874),(1,875),(8,876),(2,877),(6,878),(7,879),(4,880),(5,881),(6,882),(9,883),(2,884),(6,885),(1,886),(8,887),(7,888),(1,889),(4,890),(8,891),(4,892),(6,893),(7,894),(4,895),(7,896),(5,897),(4,898),(8,899),(9,900),(5,901),(7,902),(4,903),(8,904),(9,905),(8,906),(3,907),(1,908),(2,909),(4,910),(7,911),(4,912),(7,913),(6,914),(1,915),(8,916),(6,917),(4,918),(9,919),(5,920),(6,921),(9,922),(5,923),(2,924),(5,925),(3,926),(5,927),(4,928),(8,929),(5,930),(8,931),(7,932),(2,933),(1,934),(8,935),(3,936),(5,937),(8,938),(6,939),(2,940),(1,941),(1,942),(5,943),(2,944),(9,945),(1,946),(2,947),(2,948),(4,949),(9,950),(4,951),(6,952),(1,953),(7,954),(9,955),(9,956),(7,957),(9,958),(8,959),(8,960),(2,961),(1,962),(2,963),(3,964),(7,965),(8,966),(4,967),(7,968),(4,969),(5,970),(5,971),(2,972),(4,973),(5,974),(2,975),(8,976),(8,977),(5,978),(5,979),(1,980),(6,981),(9,982),(5,983),(7,984),(5,985),(9,986),(6,987),(1,988),(8,989),(4,990),(2,991),(1,992),(2,993),(4,994),(7,995),(1,996),(3,997),(2,998),(7,999),(8,1000);
/*!40000 ALTER TABLE `tester_bugs` ENABLE KEYS */;
UNLOCK TABLES;

--
-- Table structure for table `tester_devices`
--

DROP TABLE IF EXISTS `tester_devices`;
/*!40101 SET @saved_cs_client     = @@character_set_client */;
/*!40101 SET character_set_client = utf8 */;
CREATE TABLE `tester_devices` (
  `tester_id` int(11) NOT NULL,
  `devices_id` int(11) NOT NULL,
  KEY `FK_nm145ukg94tev4np3ipf1q4op` (`tester_id`)
) ENGINE=InnoDB DEFAULT CHARSET=utf8;
/*!40101 SET character_set_client = @saved_cs_client */;

--
-- Dumping data for table `tester_devices`
--

LOCK TABLES `tester_devices` WRITE;
/*!40000 ALTER TABLE `tester_devices` DISABLE KEYS */;
INSERT INTO `tester_devices` VALUES (1,1),(1,2),(1,3),(1,10),(2,4),(2,5),(2,6),(2,7),(2,8),(2,9),(3,3),(3,4),(3,5),(3,6),(4,1),(4,2),(5,5),(5,6),(5,7),(5,1),(5,10),(6,3),(7,4),(7,5),(7,6),(7,7),(7,8),(8,1),(8,3),(8,6),(8,9),(8,10),(9,5),(9,6),(9,8),(9,9);
/*!40000 ALTER TABLE `tester_devices` ENABLE KEYS */;
UNLOCK TABLES;
/*!40103 SET TIME_ZONE=@OLD_TIME_ZONE */;

/*!40101 SET SQL_MODE=@OLD_SQL_MODE */;
/*!40014 SET FOREIGN_KEY_CHECKS=@OLD_FOREIGN_KEY_CHECKS */;
/*!40014 SET UNIQUE_CHECKS=@OLD_UNIQUE_CHECKS */;
/*!40101 SET CHARACTER_SET_CLIENT=@OLD_CHARACTER_SET_CLIENT */;
/*!40101 SET CHARACTER_SET_RESULTS=@OLD_CHARACTER_SET_RESULTS */;
/*!40101 SET COLLATION_CONNECTION=@OLD_COLLATION_CONNECTION */;
/*!40111 SET SQL_NOTES=@OLD_SQL_NOTES */;

-- Dump completed on 2015-09-27 22:46:45
